id;token_tr;response_tr;code_response;end_point_tr;date_request;date_response;login_acteur;request_tr
1;mobile Fish;Home Loan Account Table Computer;Trace;Savings Account alarm;2019-12-27T15:17:14;2019-12-27T14:25:39;transmitter Implementation Electronics;../fake-data/blob/hipster.txt
2;Soap methodology Albania;Home Namibia;Steel zero administration;Multi-channelled Licensed;2019-12-27T00:56:25;2019-12-27T10:59:21;Cambridgeshire Mississippi;../fake-data/blob/hipster.txt
3;HDD;Table Small Frozen Sausages Planner;envisioneer Music Public-key;infomediaries;2019-12-27T12:51:09;2019-12-27T01:08:30;backing up Salad;../fake-data/blob/hipster.txt
4;Digitized invoice;convergence;Mayotte;Industrial;2019-12-26T19:34:00;2019-12-26T21:10:42;Markets Chief;../fake-data/blob/hipster.txt
5;capacitor archive;sky blue Tasty Plastic Pizza;compress South Georgia and the South Sandwich Islands;compelling mission-critical;2019-12-27T02:45:25;2019-12-27T09:09:27;scalable;../fake-data/blob/hipster.txt
6;Small;deliverables reinvent 24 hour;overriding;monitor 1080p Checking Account;2019-12-26T17:33:01;2019-12-27T07:10:42;Frozen IB;../fake-data/blob/hipster.txt
7;Highway Ergonomic;moratorium moratorium;New York tangible Mississippi;Frozen bus;2019-12-26T21:31:22;2019-12-26T22:27:36;Robust Networked;../fake-data/blob/hipster.txt
8;Poland;Small partnerships;Outdoors;Harbor Montana;2019-12-26T23:05:21;2019-12-26T18:00:00;Phased;../fake-data/blob/hipster.txt
9;Saint Lucia white;Generic neutral Salad;Auto Loan Account modular Refined;digital maroon;2019-12-26T18:21:37;2019-12-26T18:34:58;projection Fresh;../fake-data/blob/hipster.txt
10;support Gorgeous;withdrawal;copying;ability Hat Iraq;2019-12-27T04:08:44;2019-12-27T10:27:03;Concrete 24/7 Directives;../fake-data/blob/hipster.txt
